#iteration,algo,#panel,#suggestion,distances,iteration_time,total_time,target_found,#generations,panel
0,NewPanel,1,0,5.5,0.004058837890625,0.004058837890625,None,1,[0 0 1 1 1 1 0 1 1 1 1 2 0 0 0 0 0 1 1 1 1]
1,Explanation,1,1,5.5,0.0056955814361572266,0.009754419326782227,None,1,[0 0 1 1 1 1 0 1 1 1 1 2 0 0 0 0 0 1 1 1 1]
2,Explanation,1,2,4.5,0.00536656379699707,0.015120983123779297,None,1,[0 0 1 1 1 1 0 1 1 1 1 0 0 0 0 0 2 0 0 0 0]
3,Explanation,1,3,1.5,0.005124092102050781,0.020245075225830078,None,1,[0 0 1 1 1 1 2 0 0 0 0 0 0 0 0 0 0 0 0 0 0]
4,Explanation,1,4,1.25,0.004931211471557617,0.025176286697387695,None,1,[0 0 1 1 1 0 2 0 0 0 0 0 0 0 0 0 0 0 0 0 0]
5,Explanation,1,5,1.0,0.004824638366699219,0.030000925064086914,None,1,[0 0 0 1 1 0 2 0 0 0 0 0 0 0 0 0 0 0 0 0 0]
6,Explanation,1,6,0.75,0.004769086837768555,0.03477001190185547,None,1,[0 0 0 1 0 0 2 0 0 0 0 0 0 0 0 0 0 0 0 0 0]
7,Explanation,1,8,0.5,0.004631996154785156,0.039402008056640625,0,1,[0 0 0 0 0 0 2 0 0 0 0 0 0 0 0 0 0 0 0 0 0]