#iteration,algo,#panel,#suggestion,distances,iteration_time,total_time,target_found,#generations,panel
0,NewPanel,1,0,6.5,0.1862499713897705,0.1862499713897705,None,1,[0 0 1 1 1 1 2 0 0 0 0 0 0 0 0 0 0 0 0 1 1 1 1 0 1 1 1 1 0 1 1 1 1]
1,Explanation,1,1,5.5,0.010425806045532227,0.19667577743530273,None,1,[0 0 1 1 1 1 0 0 0 0 0 0 0 0 0 0 0 0 2 0 0 0 0 0 1 1 1 1 0 1 1 1 1]
2,Explanation,1,2,5.5,0.00841832160949707,0.2050940990447998,None,1,[0 0 1 1 1 1 0 0 0 0 0 0 0 2 0 0 0 0 0 0 0 0 0 0 1 1 1 1 0 1 1 1 1]
3,Explanation,1,3,4.5,0.009924650192260742,0.21501874923706055,None,1,[0 0 1 1 1 1 0 0 0 0 0 0 0 0 0 0 0 0 0 0 0 0 0 0 1 1 1 1 2 0 0 0 0]
4,Explanation,1,4,3.5,0.0058269500732421875,0.22084569931030273,None,1,[0 0 1 1 1 1 0 0 0 0 0 0 0 0 0 0 0 0 0 0 0 0 0 2 0 0 0 0 0 0 0 0 0]
5,Explanation,1,6,0.25,0.007033586502075195,0.22787928581237793,0,1,[0 2 0 0 0 0 0 0 0 0 1 0 0 0 0 0 0 0 0 0 0 0 0 0 0 0 0 0 0 0 0 0 0]