#iteration,algo,#panel,#suggestion,distances,iteration_time,total_time,target_found,#generations,panel
0,NewPanel,1,0,6.5,0.015913009643554688,0.015913009643554688,None,1,[0 0 1 1 1 1 0 1 1 1 1 2 0 0 0 0 0 1 1 1 1 0 1 1 1 1 0 0 0 0 0]
1,Explanation,1,1,5.5,0.009912252426147461,0.02582526206970215,None,1,[0 0 1 1 1 1 0 1 1 1 1 0 0 0 0 0 0 1 1 1 1 2 0 0 0 0 0 0 0 0 0]
2,Explanation,1,2,5.25,0.008745431900024414,0.03457069396972656,None,1,[0 0 1 1 1 1 0 1 1 1 1 0 0 0 0 0 0 1 1 1 0 2 0 0 0 0 0 0 0 0 0]
3,Explanation,1,3,5.0,0.009084463119506836,0.0436551570892334,None,1,[0 0 1 1 1 1 0 1 1 1 1 0 0 0 0 0 0 0 1 1 0 2 0 0 0 0 0 0 0 0 0]
4,Explanation,1,4,4.0,0.008376836776733398,0.0520319938659668,None,1,[0 2 0 0 0 0 0 1 1 1 1 0 0 0 0 0 0 0 1 1 0 0 0 0 0 0 0 0 0 0 0]
5,Explanation,1,5,1.0,0.0079345703125,0.0599665641784668,None,1,[0 0 0 0 0 0 2 0 0 0 0 0 0 0 0 0 0 0 1 1 0 0 0 0 0 0 0 0 0 0 0]
6,Explanation,1,6,0.75,0.007443428039550781,0.06740999221801758,None,1,[0 0 0 0 0 0 2 0 0 0 0 0 0 0 0 0 0 0 1 0 0 0 0 0 0 0 0 0 0 0 0]
7,Explanation,1,8,0.5,0.0071566104888916016,0.07456660270690918,0,1,[0 0 0 0 0 0 2 0 0 0 0 0 0 0 0 0 0 0 0 0 0 0 0 0 0 0 0 0 0 0 0]