#iteration,algo,#panel,#suggestion,distances,iteration_time,total_time,target_found,#generations,panel
0,NewPanel,1,0,6.5,0.09916996955871582,0.09916996955871582,None,1,[0 0 1 1 1 1 0 1 1 1 1 2 0 0 0 0 0 0 0 0 0 0 0 0 0 0 0 0 1 1 1 1 0 1 1 1 1]
1,Explanation,1,1,6.25,0.009964704513549805,0.10913467407226562,None,1,[0 0 1 1 1 1 0 1 1 1 0 2 0 0 0 0 0 0 0 0 0 0 0 0 0 0 0 0 1 1 1 1 0 1 1 1 1]
2,Explanation,1,2,6.25,0.009564638137817383,0.11869931221008301,None,1,[0 0 1 1 1 1 0 1 1 1 0 0 0 0 0 0 0 0 0 0 0 0 2 0 0 0 0 0 1 1 1 1 0 1 1 1 1]
3,Explanation,1,3,6.25,0.00968170166015625,0.12838101387023926,None,1,[0 0 1 1 1 1 0 1 1 1 0 0 0 0 0 0 0 2 0 0 0 0 0 0 0 0 0 0 1 1 1 1 0 1 1 1 1]
4,Explanation,1,4,5.25,0.01168060302734375,0.140061616897583,None,1,[0 0 1 1 1 1 0 1 1 1 0 0 0 0 0 0 0 0 0 0 0 0 0 0 0 0 0 0 1 1 1 1 2 0 0 0 0]
5,Explanation,1,5,4.25,0.009134769439697266,0.14919638633728027,None,1,[0 0 1 1 1 1 0 1 1 1 0 0 0 0 0 0 0 0 0 0 0 0 0 0 0 0 0 2 0 0 0 0 0 0 0 0 0]
6,Explanation,1,6,3.5,0.0059626102447509766,0.15515899658203125,None,1,[0 0 1 1 1 1 2 0 0 0 0 0 0 0 0 0 0 0 0 0 0 0 0 0 0 0 0 0 0 0 0 0 0 0 0 0 0]
7,Explanation,1,7,3.25,0.0056438446044921875,0.16080284118652344,None,1,[0 0 0 1 1 1 2 0 0 0 0 0 0 0 0 0 0 0 0 0 0 0 0 0 0 0 0 0 0 0 0 0 0 0 0 0 0]
8,Explanation,1,8,3.0,0.005574226379394531,0.16637706756591797,None,1,[0 0 0 0 1 1 2 0 0 0 0 0 0 0 0 0 0 0 0 0 0 0 0 0 0 0 0 0 0 0 0 0 0 0 0 0 0]
9,Explanation,1,9,2.75,0.006480693817138672,0.17285776138305664,None,1,[1 0 0 0 1 1 2 0 0 0 0 0 0 0 0 0 0 0 0 0 0 0 0 0 0 0 0 0 0 0 0 0 0 0 0 0 0]
10,Explanation,1,10,2.5,0.008885622024536133,0.18174338340759277,None,1,[1 0 0 0 1 1 2 0 0 0 0 0 0 0 0 1 0 0 0 0 0 0 0 0 0 0 0 0 0 0 0 0 0 0 0 0 0]
11,Explanation,1,11,2.25,0.008902549743652344,0.19064593315124512,None,1,[1 0 0 0 0 1 2 0 0 0 0 0 0 0 0 1 0 0 0 0 0 0 0 0 0 0 0 0 0 0 0 0 0 0 0 0 0]
12,Explanation,1,12,2.25,0.008825540542602539,0.19947147369384766,None,1,[1 0 0 0 0 1 0 0 0 0 0 0 0 0 0 1 2 0 0 0 0 0 0 0 0 0 0 0 0 0 0 0 0 0 0 0 0]
13,Explanation,1,14,0.0,0.00861358642578125,0.2080850601196289,0,1,[1 2 0 0 0 0 0 0 0 0 0 0 0 0 0 1 0 0 0 0 0 0 0 0 0 0 0 0 0 0 0 0 0 0 0 0 0]