#iteration,algo,#panel,#suggestion,distances,iteration_time,total_time,target_found,#generations,panel
0,NewPanel,1,0,6.5,0.3091297149658203,0.3091297149658203,None,1,[0 0 1 1 1 1 2 0 0 0 0 0 0 0 0 0 0 1 1 1 1 0 0 0 0 0 0 0 0 0 0 0 1 1 1 1 0
 1 1 1 1]
1,Explanation,1,1,5.5,0.008841276168823242,0.31797099113464355,None,1,[0 0 1 1 1 1 0 0 0 0 0 0 0 0 0 0 2 0 0 0 0 0 0 0 0 0 0 0 0 0 0 0 1 1 1 1 0
 1 1 1 1]
2,Explanation,1,2,2.5,0.008598566055297852,0.3265695571899414,None,1,[0 2 0 0 0 0 0 0 0 0 0 0 0 0 0 0 0 0 0 0 0 0 0 0 0 0 0 0 0 0 0 0 1 1 1 1 0
 1 1 1 1]
3,Explanation,1,3,2.25,0.008433103561401367,0.3350026607513428,None,1,[0 2 0 0 0 0 0 0 0 0 0 0 0 0 0 0 0 0 0 0 0 0 0 0 0 0 0 0 0 0 0 0 0 1 1 1 0
 1 1 1 1]
4,Explanation,1,4,2.0,0.008304119110107422,0.3433067798614502,None,1,[0 2 0 0 0 0 0 0 0 0 1 0 0 0 0 0 0 0 0 0 0 0 0 0 0 0 0 0 0 0 0 0 0 1 1 1 0
 1 1 1 1]
5,Explanation,1,5,1.75,0.007959842681884766,0.35126662254333496,None,1,[0 2 0 0 0 0 0 0 0 0 1 0 0 0 0 0 0 0 0 0 0 0 0 0 0 0 0 0 0 0 0 0 0 1 1 1 0
 1 0 1 1]
6,Explanation,1,6,1.5,0.008409738540649414,0.3596763610839844,None,1,[1 2 0 0 0 0 0 0 0 0 1 0 0 0 0 0 0 0 0 0 0 0 0 0 0 0 0 0 0 0 0 0 0 1 1 1 0
 1 0 1 1]
7,Explanation,1,7,1.25,0.008249521255493164,0.36792588233947754,None,1,[1 2 0 0 0 0 0 0 0 0 1 0 0 0 0 0 0 0 0 0 0 0 0 0 0 0 0 0 0 0 0 0 0 1 0 1 0
 1 0 1 1]
8,Explanation,1,8,1.0,0.007908105850219727,0.37583398818969727,None,1,[1 2 0 0 0 0 0 0 0 0 1 0 0 0 0 0 0 0 0 0 0 0 0 0 0 0 0 0 0 0 0 0 0 1 0 1 0
 0 0 1 1]
9,Explanation,1,9,0.75,0.00908207893371582,0.3849160671234131,None,1,[1 2 0 0 0 0 0 0 0 0 1 0 0 0 0 0 0 0 0 0 0 0 0 0 0 0 0 0 0 0 0 0 0 1 0 1 0
 0 0 1 0]
10,Explanation,1,10,0.5,0.007949590682983398,0.3928656578063965,None,1,[1 2 0 0 0 0 0 0 0 0 1 0 0 0 0 0 0 0 0 0 0 0 0 0 0 0 0 0 0 0 0 0 0 1 0 0 0
 0 0 1 0]
11,Explanation,1,11,0.25,0.00806117057800293,0.4009268283843994,None,1,[1 2 0 0 0 0 0 0 0 0 1 0 0 0 0 0 0 0 0 0 0 0 0 0 0 0 0 0 0 0 0 0 0 1 0 0 0
 0 0 0 0]
12,Explanation,1,13,0.0,0.007834434509277344,0.40876126289367676,0,1,[1 2 0 0 0 0 0 0 0 0 1 0 0 0 0 0 0 0 0 0 0 0 0 0 0 0 0 0 0 0 0 0 0 0 0 0 0
 0 0 0 0]