#iteration,algo,#panel,#suggestion,distances,iteration_time,total_time,target_found,#generations,panel
0,NewPanel,1,0,6.5,0.11771678924560547,0.11771678924560547,None,1,[0 0 1 1 1 1 2 0 0 0 0 0 0 1 1 1 1 0 0 0 0 0 0 0 0 0 0 0 1 1 1 1 0 1 1 1 1]
1,Explanation,1,1,6.25,0.010266780853271484,0.12798357009887695,None,1,[0 0 1 1 1 1 2 0 0 0 0 0 0 1 1 1 1 0 0 0 0 0 0 0 0 0 0 0 1 0 1 1 0 1 1 1 1]
2,Explanation,1,2,5.25,0.010414600372314453,0.1383981704711914,None,1,[0 0 1 1 1 1 0 0 0 0 0 0 2 0 0 0 0 0 0 0 0 0 0 0 0 0 0 0 1 0 1 1 0 1 1 1 1]
3,Explanation,1,3,5.0,0.009211540222167969,0.14760971069335938,None,1,[0 0 1 1 1 1 0 0 0 0 0 0 2 0 0 0 0 0 0 0 0 0 0 0 0 0 0 0 1 0 1 1 0 0 1 1 1]
4,Explanation,1,4,5.0,0.009391546249389648,0.15700125694274902,None,1,[0 0 1 1 1 1 0 0 0 0 0 0 0 0 0 0 0 0 0 0 0 0 2 0 0 0 0 0 1 0 1 1 0 0 1 1 1]
5,Explanation,1,5,4.75,0.02583599090576172,0.18283724784851074,None,1,[0 0 1 1 1 1 0 0 0 0 0 0 0 0 0 0 0 0 0 0 0 0 2 0 0 0 0 0 1 0 1 0 0 0 1 1 1]
6,Explanation,1,6,4.5,0.009290456771850586,0.19212770462036133,None,1,[0 0 1 0 1 1 0 0 0 0 0 0 0 0 0 0 0 0 0 0 0 0 2 0 0 0 0 0 1 0 1 0 0 0 1 1 1]
7,Explanation,1,7,3.75,0.0254669189453125,0.21759462356567383,None,1,[0 0 1 0 1 1 0 0 0 0 0 0 0 0 0 0 0 0 0 0 0 0 0 0 0 0 0 0 1 0 1 0 2 0 0 0 0]
8,Explanation,1,8,1.0,0.008574485778808594,0.22616910934448242,None,1,[0 2 0 0 0 0 0 0 0 0 0 0 0 0 0 0 0 0 0 0 0 0 0 0 0 0 0 0 1 0 1 0 0 0 0 0 0]
9,Explanation,1,9,0.75,0.008231401443481445,0.23440051078796387,None,1,[0 2 0 0 0 0 0 0 0 0 1 0 0 0 0 0 0 0 0 0 0 0 0 0 0 0 0 0 1 0 1 0 0 0 0 0 0]
10,Explanation,1,10,0.5,0.008475542068481445,0.2428760528564453,None,1,[1 2 0 0 0 0 0 0 0 0 1 0 0 0 0 0 0 0 0 0 0 0 0 0 0 0 0 0 1 0 1 0 0 0 0 0 0]
11,Explanation,1,11,0.25,0.008453607559204102,0.2513296604156494,None,1,[1 2 0 0 0 0 0 0 0 0 1 0 0 0 0 0 0 0 0 0 0 0 0 0 0 0 0 0 1 0 0 0 0 0 0 0 0]
12,Explanation,1,13,0.0,0.008143186569213867,0.2594728469848633,0,1,[1 2 0 0 0 0 0 0 0 0 1 0 0 0 0 0 0 0 0 0 0 0 0 0 0 0 0 0 0 0 0 0 0 0 0 0 0]